Domain,Status,Attractiveness,Demand,Length,Sectors,Created,Expires,Registrar
one.rehab,available,132,44%,3,"Business,General,Media,Technology",,,
brief.rehab,available,124,19%,5,"Business,Education,General,Law",,,
complete.rehab,available,120,21%,8,"Manufacturing,Retail,Technology",,,
second.rehab,available,120,23%,6,"General,Mathematics",,,
wizard.rehab,available,118,42%,6,"Entertainment,Media,Technology",,,
flat.rehab,available,116,24%,4,"Construction,Real Estate",,,
tenth.rehab,available,116,7%,5,Mathematics,,,
equal.rehab,available,116,19%,5,"Education,General,Law",,,
tonic.rehab,available,114,22%,5,"Health and Fitness,Medicine,Science",,,
zero.rehab,available,112,49%,4,Mathematics,,,
above.rehab,available,112,22%,5,Business,,,
hotshot.rehab,available,112,14%,7,"Business,Entertainment,Sports",,,
acute.rehab,available,112,9%,5,"Mathematics,Medicine,Science",,,
abstract.rehab,available,108,29%,8,"Arts,Humanities,Science",,,
abiding.rehab,available,106,5%,7,"General,Religion",,,
expert.rehab,available,104,26%,6,"Business,Education,Technology",,,
active.rehab,available,104,27%,6,"Health and Fitness,Sports,Travel",,,
extra.rehab,available,102,26%,5,"Fashion,Retail,Technology",,,
eight.rehab,available,102,23%,5,"General,Mathematics",,,
absent.rehab,available,102,8%,6,"Business,Education,Technology",,,
captive.rehab,available,102,14%,7,"Entertainment,Hospitality,Technology",,,
remove.rehab,available,100,13%,6,"Construction,Manufacturing,Technology",,,
eighth.rehab,available,100,6%,6,Mathematics,,,
sixth.rehab,available,100,8%,5,Mathematics,,,
abrupt.rehab,available,100,3%,6,"Medicine,Science",,,
third.rehab,available,100,16%,5,Mathematics,,,
ninth.rehab,available,100,9%,5,Mathematics,,,
adjunct.rehab,available,100,5%,7,Education,,,
whiz.rehab,available,100,12%,4,"Business,Education,Technology",,,
whizz.rehab,available,98,11%,5,"Business,Education,Technology",,,
genius.rehab,available,98,46%,6,"Arts,Education,Technology",,,
actual.rehab,available,96,22%,6,"Real Estate,Retail,Technology",,,
doable.rehab,available,96,9%,6,"Business,Education,Technology",,,
forgiving.rehab,available,96,3%,9,"Healthcare,Religion",,,
alamode.rehab,available,96,12%,9,Fashion,,,
around.rehab,available,94,22%,6,"Business,General,Media,Technology",,,
about.rehab,available,94,28%,5,"Business,General,Media,Technology",,,
adequate.rehab,available,94,9%,8,"Education,Healthcare,Technology",,,
abject.rehab,available,94,7%,6,Humanities,,,
virtuoso.rehab,available,94,16%,8,"Arts,Entertainment",,,
adept.rehab,available,92,24%,5,"Education,Health and Fitness,Sports",,,
exemplary.rehab,available,92,5%,9,"Business,Education,Healthcare",,,
derelict.rehab,available,92,7%,8,"Construction,Real Estate",,,
adjective.rehab,available,92,5%,9,Education,,,
next.rehab,available,92,43%,4,"Retail,Technology,Transportation",,,
neutral.rehab,available,92,20%,7,"Business,Media,Politics",,,
abroad.rehab,available,92,12%,6,"Hospitality,Travel",,,
twentieth.rehab,available,92,3%,9,Mathematics,,,
nought.rehab,available,92,4%,6,Mathematics,,,
clear.rehab,expiring,90,47%,5,"Manufacturing,Retail,Technology",09/09/2020 21:37,09/09/2025 21:37,Squarespace Domains II LLC
adoring.rehab,available,90,2%,7,"Entertainment,Fashion,Retail",,,
endearing.rehab,available,90,1%,9,"Entertainment,Fashion,Retail",,,
abortive.rehab,available,90,1%,8,"Medicine,Science",,,
leash.rehab,available,90,7%,5,"General,Health and Fitness,Retail",,,
gripping.rehab,available,90,3%,8,"Entertainment,Media,Technology",,,
addictive.rehab,available,90,9%,9,Healthcare,,,
riveting.rehab,available,90,6%,8,"Entertainment,Media,Technology",,,
additional.rehab,available,90,8%,10,"Fashion,Retail,Technology",,,
sixteen.rehab,available,88,11%,7,Mathematics,,,
proficient.rehab,available,88,8%,10,"Education,Health and Fitness,Sports",,,
actionable.rehab,available,88,13%,10,"Business,Law",,,
three.rehab,available,88,24%,5,Mathematics,,,
activist.rehab,available,88,12%,8,"Humanities,Politics",,,
wide.rehab,available,88,18%,4,"Business,Media,Technology",,,
fifteen.rehab,available,88,13%,7,Mathematics,,,
adlib.rehab,available,88,7%,6,Entertainment,,,
ace.rehab,available,88,34%,3,Sports,,,
hundred.rehab,available,88,14%,7,Mathematics,,,
ten.rehab,available,88,28%,3,"General,Mathematics",,,
eleven.rehab,available,88,33%,6,Mathematics,,,
twelve.rehab,available,88,18%,6,"General,Mathematics",,,
cipher.rehab,available,86,29%,6,Mathematics,,,
attendant.rehab,available,86,5%,9,"Healthcare,Hospitality,Transportation",,,
star.rehab,available,86,40%,4,"Entertainment,Media,Sports",,,
recondite.rehab,available,86,4%,9,"Arts,Humanities,Science",,,
aboriginal.rehab,available,86,10%,10,Humanities,,,
extempore.rehab,available,86,3%,9,Entertainment,,,
xix.rehab,available,86,11%,3,Mathematics,,,
xiv.rehab,available,86,12%,3,Mathematics,,,
adolescent.rehab,available,86,3%,10,"Education,Entertainment,Healthcare",,,
intent.rehab,available,86,25%,6,"Business,Education,Technology",,,
engrossing.rehab,available,86,0%,10,"Entertainment,Media,Technology",,,
twentytwo.rehab,available,84,11%,10,Mathematics,,,
acting.rehab,available,84,12%,6,Entertainment,,,
accessory.rehab,available,84,8%,9,"Fashion,Retail,Technology",,,
thirteen.rehab,available,84,10%,8,Mathematics,,,
thousand.rehab,available,84,8%,8,Mathematics,,,
nineteen.rehab,available,84,8%,8,Mathematics,,,
grand.rehab,available,84,25%,5,"Finance,General",,,
deviate.rehab,available,84,12%,7,"Medicine,Science",,,
sharp.rehab,available,84,34%,5,"Arts,Fashion",,,
adjustable.rehab,available,84,3%,10,"Manufacturing,Retail,Technology",,,
seventeen.rehab,available,84,7%,9,Mathematics,,,
twentyone.rehab,available,84,13%,10,Mathematics,,,
fourteen.rehab,available,84,8%,8,Mathematics,,,
abenaki.rehab,available,82,2%,7,Geography,,,
cleansing.rehab,available,82,3%,9,Health and Fitness,,,
good.rehab,available,82,47%,4,"Food and Beverage,General,Health and Fitness,Retail",,,
abroach.rehab,available,82,1%,7,Food and Beverage,,,
enduring.rehab,available,82,9%,8,"Health and Fitness,Religion",,,
dozen.rehab,available,82,10%,5,Mathematics,,,
altered.rehab,available,82,9%,7,"Medicine,Science",,,
absorbent.rehab,available,82,3%,9,"Healthcare,Manufacturing,Retail",,,
impromptu.rehab,available,82,16%,9,Entertainment,,,
fivesome.rehab,available,82,1%,8,Sports,,,
decade.rehab,available,82,10%,6,Mathematics,,,
abdominal.rehab,available,82,1%,9,"Health and Fitness,Medicine",,,
abkhaz.rehab,available,82,1%,6,Geography,,,
yard.rehab,available,80,26%,4,"Construction,General",,,
capable.rehab,available,80,12%,7,"Business,Education,Technology",,,
wiz.rehab,available,80,30%,3,"Business,Education,Technology",,,
worshipful.rehab,available,80,1%,10,"Education,Healthcare,Religion",,,
sequent.rehab,available,80,7%,7,"Healthcare,Insurance,Transportation",,,
some.rehab,available,80,32%,4,"Business,Media,Retail",,,
superstar.rehab,available,80,18%,9,Entertainment,,,
dorsal.rehab,available,80,6%,6,"Medicine,Science",,,
first.rehab,available,80,36%,5,"General,Mathematics",,,
twenty.rehab,available,80,12%,6,Mathematics,,,
absurd.rehab,available,80,16%,6,"Arts,Entertainment,Media",,,
nine.rehab,available,80,24%,4,"General,Mathematics",,,
seventh.rehab,available,80,10%,7,Mathematics,,,
trio.rehab,available,80,21%,4,Entertainment,,,
adoptable.rehab,available,80,3%,9,"Education,Healthcare",,,
absorbable.rehab,available,80,0%,10,"Healthcare,Pharmaceuticals,Science",,,
two.rehab,available,80,24%,3,Mathematics,,,
abundant.rehab,available,80,19%,8,"Agriculture,Manufacturing,Retail",,,
forty.rehab,available,80,9%,5,Mathematics,,,
twentysix.rehab,available,78,8%,10,Mathematics,,,
acceptant.rehab,available,78,1%,9,"Education,Healthcare",,,
dormant.rehab,available,78,4%,7,"Medicine,Science",,,
adrenal.rehab,available,78,4%,7,"Education,Healthcare,Science",,,
abkhasian.rehab,available,78,1%,9,Geography,,,
accepted.rehab,available,78,6%,8,"Business,Education,Technology",,,
abounding.rehab,available,78,2%,9,Agriculture,,,
adorable.rehab,available,78,8%,8,"Entertainment,Fashion,Retail",,,
accurate.rehab,available,78,16%,8,"Engineering,Mathematics,Science",,,
abkhazian.rehab,available,78,1%,9,Geography,,,
accidental.rehab,available,78,11%,10,"Healthcare,Insurance,Transportation",,,
absorptive.rehab,available,78,1%,10,"Healthcare,Manufacturing,Retail",,,
athletic.rehab,available,78,15%,8,"Health and Fitness,Sports",,,
recognized.rehab,available,78,3%,10,"Business,Education,Technology",,,
acceptable.rehab,available,78,5%,10,"Business,Hospitality,Retail",,,
honestly.rehab,available,78,9%,8,"Business,Law",,,
adjacent.rehab,available,78,9%,8,"Construction,Real Estate,Retail",,,
sixtynine.rehab,available,78,8%,10,Mathematics,,,
accessible.rehab,available,78,21%,10,"Healthcare,Retail,Technology",,,
recognised.rehab,available,78,3%,10,"Business,Education,Technology",,,
low.rehab,available,78,20%,3,"Business,Finance",,,
adhesive.rehab,available,76,7%,8,"Construction,Manufacturing,Technology",,,
energizing.rehab,available,76,3%,10,"Food and Beverage,Health and Fitness,Travel",,,
ventral.rehab,available,76,3%,7,Science,,,
incidental.rehab,available,76,4%,10,"Healthcare,Insurance,Transportation",,,
diamond.rehab,available,76,32%,7,Fashion,,,
obscene.rehab,available,76,5%,7,"Entertainment,Media",,,
thirteenth.rehab,available,76,4%,10,Mathematics,,,
adipose.rehab,available,76,2%,7,"Healthcare,Science",,,
firstrate.rehab,available,76,6%,10,Business,,,
nineteenth.rehab,available,76,3%,10,Mathematics,,,
fifteenth.rehab,available,76,2%,9,Mathematics,,,
adherent.rehab,available,76,4%,8,"Politics,Religion",,,
resultant.rehab,available,76,2%,9,"Healthcare,Insurance,Transportation",,,
abrasive.rehab,available,76,6%,8,"Construction,Manufacturing",,,
ague.rehab,available,76,2%,4,"Geography,Medicine,Science",,,
ancillary.rehab,available,76,6%,9,"Healthcare,Manufacturing,Technology",,,
threed.rehab,available,76,7%,7,Technology,,,
hundredth.rehab,available,76,1%,9,Mathematics,,,
eighteen.rehab,available,76,7%,8,Mathematics,,,
acoustic.rehab,available,76,14%,8,Science,,,
fourteenth.rehab,available,76,1%,10,Mathematics,,,
improvise.rehab,available,76,4%,9,Entertainment,,,
thousandth.rehab,available,76,1%,10,Mathematics,,,
auxiliary.rehab,available,76,7%,9,"Healthcare,Manufacturing,Technology",,,
adaptable.rehab,available,76,9%,9,"Business,Education,Technology",,,
addable.rehab,available,76,2%,7,"Engineering,Mathematics,Science",,,
admirable.rehab,available,74,5%,9,"Business,Education,Healthcare",,,
skilful.rehab,available,74,3%,7,"Education,Health and Fitness,Sports",,,
realizable.rehab,available,74,1%,10,"Business,Education,Technology",,,
mavin.rehab,available,74,7%,5,"Entertainment,Fashion,Technology",,,
supra.rehab,available,74,25%,5,"Medicine,Science",,,
cleared.rehab,available,74,7%,7,"Healthcare,Law,Transportation",,,
adamant.rehab,available,74,14%,7,Religion,,,
broad.rehab,available,74,13%,5,"Entertainment,General,Media",,,
adenoid.rehab,available,74,1%,7,"Health and Fitness,Medicine,Science",,,
acuate.rehab,available,74,2%,6,"Engineering,Medicine,Science",,,
single.rehab,available,74,19%,6,Sports,,,
adapted.rehab,available,74,6%,7,"Healthcare,Manufacturing,Technology",,,
achievable.rehab,available,74,4%,10,"Business,Education,Technology",,,
adrenergic.rehab,available,74,1%,10,"Education,Healthcare,Science",,,
manageable.rehab,available,74,4%,10,"Business,Education,Technology",,,
activated.rehab,available,74,9%,9,"Healthcare,Manufacturing,Technology",,,
playing.rehab,available,74,12%,7,Entertainment,,,
abnormal.rehab,available,74,16%,8,"Medicine,Science",,,
sensation.rehab,available,74,7%,9,"Entertainment,Media,Sports",,,
accepting.rehab,available,74,3%,9,"Education,Healthcare",,,
aberrant.rehab,available,74,6%,8,"Medicine,Science",,,
abreast.rehab,available,72,2%,7,"Business,Technology",,,
accusative.rehab,available,72,0%,10,"Humanities,Law",,,
liv.rehab,available,72,27%,3,Mathematics,,,
lovely.rehab,available,72,26%,6,"Entertainment,Fashion,Retail",,,
ternary.rehab,available,72,7%,7,Mathematics,,,
improvize.rehab,available,72,1%,9,Entertainment,,,
eightieth.rehab,available,72,1%,9,Mathematics,,,
adaptative.rehab,available,72,1%,10,"Business,Education,Technology",,,
ablaze.rehab,available,72,6%,6,Entertainment,,,
engrossed.rehab,available,72,1%,9,"Entertainment,Media,Technology",,,
trey.rehab,available,72,14%,4,Sports,,,
absorbed.rehab,available,72,2%,8,"Entertainment,Media,Technology",,,
abloom.rehab,available,72,5%,6,Agriculture,,,
champion.rehab,available,72,28%,8,"Entertainment,Health and Fitness,Sports",,,
addicted.rehab,available,72,9%,8,Healthcare,,,
seventieth.rehab,available,72,1%,10,Mathematics,,,
sixtieth.rehab,available,72,1%,8,Mathematics,,,
aching.rehab,available,72,4%,6,Healthcare,,,
adiabatic.rehab,available,72,3%,9,"Engineering,Science",,,
ninetieth.rehab,available,72,1%,9,Mathematics,,,
adonic.rehab,available,72,2%,6,"Arts,Education,Entertainment",,,
existent.rehab,available,72,3%,8,"Mathematics,Science",,,
accustomed.rehab,available,72,1%,10,"Business,Education,Humanities",,,
deep.rehab,available,72,41%,4,"Engineering,Mathematics,Science",,,
adjunctive.rehab,available,72,1%,10,"Healthcare,Manufacturing,Technology",,,
absolutist.rehab,available,72,1%,10,"Humanities,Law,Politics",,,
adjectival.rehab,available,72,1%,10,Education,,,
trinity.rehab,available,72,18%,7,Religion,,,
lowdown.rehab,available,70,6%,8,"Entertainment,Media",,,
offhand.rehab,available,70,2%,7,Entertainment,,,
unity.rehab,available,70,40%,5,Mathematics,,,
stillborn.rehab,available,70,2%,9,"Medicine,Science",,,
skillful.rehab,available,70,9%,8,"Education,Health and Fitness,Sports",,,
abradant.rehab,available,70,1%,8,"Construction,Manufacturing",,,
consequent.rehab,available,70,3%,10,"Business,Education,General,Technology",,,
adamantine.rehab,available,70,4%,10,Religion,,,
admired.rehab,available,70,5%,7,"Business,Education,Healthcare",,,
adjusted.rehab,available,70,5%,8,"Manufacturing,Retail,Technology",,,
tiptop.rehab,available,70,24%,6,Fashion,,,
practiced.rehab,available,70,3%,9,"Education,Health and Fitness,Sports",,,
adored.rehab,available,70,6%,6,"Entertainment,Fashion,Retail",,,
acuminate.rehab,available,70,1%,9,"Engineering,Medicine,Science",,,
miserable.rehab,available,70,4%,9,Humanities,,,
gymnastic.rehab,available,70,3%,9,"Entertainment,Sports",,,
abulic.rehab,available,70,1%,6,Medicine,,,
accumbent.rehab,available,70,1%,9,"Healthcare,Medicine,Science",,,
absorbing.rehab,available,70,3%,9,"Entertainment,Media,Technology",,,
recumbent.rehab,available,70,2%,9,"Healthcare,Medicine,Science",,,
achaean.rehab,available,68,2%,7,Humanities,,,
activating.rehab,available,68,3%,10,"Healthcare,Manufacturing,Technology",,,
disciple.rehab,available,68,14%,8,"Education,Religion",,,
decorated.rehab,available,68,3%,9,"Entertainment,Fashion,Retail",,,
threesome.rehab,available,68,5%,9,Entertainment,,,
septenary.rehab,available,68,1%,9,Mathematics,,,
abducent.rehab,available,68,0%,8,Medicine,,,
abnaki.rehab,available,68,1%,6,Geography,,,
ablative.rehab,available,68,3%,8,Science,,,
vindicated.rehab,available,68,2%,10,"Humanities,Law,Politics",,,
ane.rehab,available,68,12%,3,Mathematics,,,
licensed.rehab,available,68,5%,8,"Business,Healthcare,Insurance",,,
ennead.rehab,available,68,5%,6,Mathematics,,,
sevener.rehab,available,68,1%,7,Mathematics,,,
acerate.rehab,available,68,1%,7,Science,,,
aroused.rehab,available,68,3%,7,"Entertainment,Health and Fitness",,,
fortieth.rehab,available,68,0%,8,Mathematics,,,
licenced.rehab,available,68,2%,8,"Business,Healthcare,Insurance",,,
scurvy.rehab,available,68,3%,6,Humanities,,,
overseas.rehab,available,68,12%,8,"Hospitality,Travel",,,
achaian.rehab,available,68,2%,7,Humanities,,,
fiftieth.rehab,available,68,0%,8,Mathematics,,,
stygian.rehab,available,68,5%,7,Humanities,,,
foursome.rehab,available,68,4%,8,Sports,,,
thirtieth.rehab,available,68,1%,9,Mathematics,,,
octonary.rehab,available,68,1%,8,Mathematics,,,
abkhas.rehab,available,68,0%,6,Geography,,,
aberdonian.rehab,available,68,1%,10,Geography,,,
aculeate.rehab,available,68,1%,8,"Engineering,Medicine,Science",,,
xxi.rehab,available,66,10%,3,Mathematics,,,
xviii.rehab,available,66,5%,5,Mathematics,,,
xii.rehab,available,66,10%,3,Mathematics,,,
maven.rehab,available,66,30%,5,"Entertainment,Fashion,Technology",,,
eighty.rehab,available,66,6%,6,Mathematics,,,
xxv.rehab,available,66,6%,3,Mathematics,,,
six.rehab,available,66,26%,3,Mathematics,,,
xiii.rehab,available,66,9%,4,Mathematics,,,
xvii.rehab,available,66,5%,4,Mathematics,,,
according.rehab,available,66,3%,9,"Business,Education,Technology",,,
ninety.rehab,available,66,11%,6,Mathematics,,,
onec.rehab,available,66,6%,5,Mathematics,,,
fifty.rehab,available,66,12%,5,Mathematics,,,
xvi.rehab,available,66,5%,3,Mathematics,,,
acervate.rehab,available,66,1%,8,Science,,,
thirty.rehab,available,66,8%,6,Mathematics,,,
buzzing.rehab,available,66,7%,7,"Entertainment,Media,Technology",,,
deuce.rehab,available,66,9%,5,Sports,,,
acrobatic.rehab,available,66,4%,9,"Entertainment,Sports",,,
exonerated.rehab,available,66,2%,10,"Humanities,Law,Politics",,,
clv.rehab,available,66,10%,3,Mathematics,,,
acappella.rehab,available,66,6%,10,Entertainment,,,
tenner.rehab,available,66,5%,6,Finance,,,
five.rehab,available,66,26%,4,Mathematics,,,
performing.rehab,available,66,6%,10,Entertainment,,,
xxii.rehab,available,66,6%,4,Mathematics,,,
latest.rehab,available,66,18%,6,Technology,,,
adopted.rehab,available,66,4%,7,"Education,Healthcare",,,
century.rehab,available,66,17%,7,Education,,,
teenager.rehab,available,66,4%,8,"Education,Entertainment,Healthcare",,,
four.rehab,available,66,27%,4,Mathematics,,,
xxvi.rehab,available,66,3%,4,Mathematics,,,
adorned.rehab,available,66,5%,7,"Entertainment,Fashion,Retail",,,
sextet.rehab,available,66,1%,6,Entertainment,,,
modish.rehab,available,66,5%,6,Fashion,,,
accessary.rehab,available,66,1%,9,"Business,Law,Technology",,,
abstinent.rehab,available,66,1%,9,"Health and Fitness,Religion",,,
absolved.rehab,available,64,1%,8,"Humanities,Law,Religion",,,
rising.rehab,available,64,18%,6,"Construction,Manufacturing,Real Estate",,,
astringent.rehab,available,64,1%,10,"Healthcare,Pharmaceuticals",,,
deviant.rehab,available,64,12%,7,"Medicine,Science",,,
nondrinker.rehab,available,64,1%,10,"Health and Fitness,Religion",,,
aflame.rehab,available,64,3%,6,Entertainment,,,
acentric.rehab,available,64,2%,8,Science,,,
scatty.rehab,available,64,1%,6,"Arts,Entertainment,Media",,,
accordant.rehab,available,64,3%,9,"Arts,Entertainment",,,
admissible.rehab,available,62,1%,10,"Education,Healthcare,Law",,,
activistic.rehab,available,62,1%,10,"Humanities,Politics",,,
adjuvant.rehab,available,62,5%,8,"Healthcare,Manufacturing,Technology",,,
sixteenth.rehab,available,62,1%,9,Mathematics,,,
eighteenth.rehab,available,62,1%,10,Mathematics,,,
aborigine.rehab,available,62,1%,9,Humanities,,,
nail.rehab,available,62,16%,4,"Construction,Fashion,General,Retail",,,
wrapped.rehab,available,62,13%,7,"Fashion,Hospitality,Retail",,,
acidic.rehab,available,62,5%,6,"Food and Beverage,Science",,,
aufait.rehab,available,62,3%,7,"Fashion,Media",,,
quartet.rehab,available,62,7%,7,"Arts,Entertainment",,,
exculpated.rehab,available,62,1%,10,"Humanities,Law,Politics",,,
fortyfour.rehab,available,62,6%,10,Mathematics,,,
troika.rehab,available,62,8%,6,Politics,,,
orso.rehab,available,62,9%,5,"Business,Media,Technology",,,
longdozen.rehab,available,62,2%,10,Mathematics,,,
eleventh.rehab,available,62,5%,8,Mathematics,,,
twodozen.rehab,available,62,1%,9,Mathematics,,,
pungent.rehab,available,62,1%,7,Food and Beverage,,,
roughly.rehab,available,62,3%,7,"Business,Media,Technology",,,
activation.rehab,available,62,16%,10,"Healthcare,Manufacturing,Technology",,,
accrued.rehab,available,62,2%,7,"Banking,Finance,Insurance",,,
accusing.rehab,available,62,1%,8,Law,,,
adoptive.rehab,available,62,1%,8,"Education,Healthcare",,,
chiliad.rehab,available,62,2%,7,Mathematics,,,
playacting.rehab,available,62,1%,10,Entertainment,,,
cumulative.rehab,available,62,2%,10,"Banking,Finance,Insurance",,,
ensuant.rehab,available,62,1%,7,"Healthcare,Insurance,Transportation",,,
abo.rehab,available,62,15%,3,Science,,,
thou.rehab,available,60,7%,4,Mathematics,,,
cxl.rehab,available,60,7%,3,Mathematics,,,
cxxv.rehab,available,60,1%,4,Mathematics,,,
cxx.rehab,available,60,10%,3,Mathematics,,,
aboveboard.rehab,available,60,5%,10,"Business,Law",,,
adnexal.rehab,available,60,1%,7,"Agriculture,Manufacturing,Retail",,,
abstainer.rehab,available,60,0%,9,"Health and Fitness,Religion",,,
clx.rehab,available,60,10%,3,Mathematics,,,
cxv.rehab,available,60,4%,3,Mathematics,,,
paunchy.rehab,available,60,0%,7,"Health and Fitness,Medicine",,,
adnate.rehab,available,60,1%,6,"Agriculture,Manufacturing,Retail",,,
cautionary.rehab,available,60,1%,10,"Business,Education,Healthcare",,,
abstemious.rehab,available,60,0%,10,"Food and Beverage,Health and Fitness,Hospitality",,,
cxlv.rehab,available,60,2%,4,Mathematics,,,
abashed.rehab,available,60,1%,7,Humanities,,,
eightysix.rehab,available,60,7%,10,Mathematics,,,
clxxx.rehab,available,60,1%,5,Mathematics,,,
acceptive.rehab,available,60,1%,9,"Education,Healthcare",,,
clxv.rehab,available,60,1%,4,Mathematics,,,
cxxx.rehab,available,60,4%,4,Mathematics,,,
clxx.rehab,available,60,3%,4,Mathematics,,,
cxxxv.rehab,available,60,2%,5,Mathematics,,,
octet.rehab,available,60,12%,5,Arts,,,
sixty.rehab,available,60,13%,5,Mathematics,,,
idolised.rehab,available,60,1%,8,"Entertainment,Fashion,Retail",,,
annexal.rehab,available,60,1%,7,"Agriculture,Manufacturing,Retail",,,
clxxv.rehab,available,60,1%,5,Mathematics,,,
idolized.rehab,available,60,3%,8,"Entertainment,Fashion,Retail",,,
xcl.rehab,available,60,5%,3,Mathematics,,,
tertiary.rehab,available,60,4%,8,Education,,,
tercet.rehab,available,59,2%,6,"Arts,Entertainment,Media",,,
super.rehab,resell,58,47%,5,Business,12/05/2025 00:20,12/05/2026 00:20,Dynadot Inc
abandoned.rehab,available,58,10%,9,"Construction,Real Estate",,,
seven.rehab,available,58,36%,5,Mathematics,,,
abuzz.rehab,available,58,5%,5,"Entertainment,Media,Technology",,,
enwrapped.rehab,available,58,0%,9,"Entertainment,Fashion,Media",,,
adjustive.rehab,available,58,1%,9,"Manufacturing,Retail,Technology",,,
quintet.rehab,available,58,8%,7,"Arts,Entertainment",,,
hexad.rehab,available,58,4%,5,Mathematics,,,
fourscore.rehab,available,58,4%,9,Mathematics,,,
alacarte.rehab,available,58,11%,10,Food and Beverage,,,
actuarial.rehab,available,58,8%,9,"Finance,Insurance,Mathematics",,,
fifth.rehab,available,58,12%,5,Mathematics,,,
accented.rehab,available,58,3%,8,"Arts,Entertainment",,,
fourth.rehab,available,58,13%,6,Mathematics,,,
acetic.rehab,available,58,1%,6,"Food and Beverage,Science",,,
aucourant.rehab,available,58,3%,10,"Fashion,Media",,,
tetrad.rehab,available,58,5%,6,Mathematics,,,
adhoc.rehab,available,58,24%,6,"Business,Engineering,Technology",,,
linear.rehab,available,58,22%,6,"Engineering,Mathematics,Science",,,
acyclic.rehab,available,58,4%,7,"Engineering,Mathematics,Science",,,
addible.rehab,available,58,2%,7,"Engineering,Mathematics,Science",,,
niner.rehab,available,58,5%,5,Mathematics,,,
accretive.rehab,available,58,6%,9,"Banking,Finance,Insurance",,,
octad.rehab,available,58,5%,5,Mathematics,,,
abused.rehab,available,58,5%,6,"Healthcare,Law",,,
addressed.rehab,available,58,3%,9,"Business,Technology,Telecommunications",,,
sixer.rehab,available,58,5%,5,Sports,,,
eighter.rehab,available,58,2%,7,Mathematics,,,
pentad.rehab,available,58,2%,6,Mathematics,,,
heptad.rehab,available,58,1%,6,Mathematics,,,
sixtyone.rehab,available,58,3%,9,Mathematics,,,
lxxx.rehab,available,58,2%,4,Mathematics,,,
sextuplet.rehab,available,58,1%,9,Healthcare,,,
abridged.rehab,available,58,4%,8,Media,,,
twelfth.rehab,available,58,2%,7,Mathematics,,,
lxxviii.rehab,available,58,1%,7,Mathematics,,,
adient.rehab,available,58,4%,6,"Medicine,Science",,,
cypher.rehab,available,58,29%,6,Mathematics,,,
seventy.rehab,available,58,7%,7,Mathematics,,,
accoutred.rehab,available,58,1%,9,"Fashion,Manufacturing,Retail",,,
justabout.rehab,available,58,3%,10,"Business,Media,Technology",,,
closeto.rehab,available,58,3%,8,"Business,Media,Technology",,,
offhanded.rehab,available,58,1%,9,Entertainment,,,
ache.rehab,available,58,7%,4,Healthcare,,,
centesimal.rehab,available,58,1%,10,Mathematics,,,
xliii.rehab,available,56,1%,5,Mathematics,,,
admittable.rehab,available,56,1%,10,"Education,Healthcare,Hospitality",,,
xxxiii.rehab,available,56,2%,6,Mathematics,,,
fiftyfour.rehab,available,56,3%,10,Mathematics,,,
fortynine.rehab,available,56,3%,10,Mathematics,,,
abdominous.rehab,available,56,0%,10,"Health and Fitness,Medicine",,,
appressed.rehab,available,56,0%,9,"Agriculture,Manufacturing,Retail",,,
xxvii.rehab,available,56,3%,5,Mathematics,,,
admittible.rehab,available,56,1%,10,"Education,Healthcare,Hospitality",,,
fiftyfive.rehab,available,56,7%,10,Mathematics,,,
thirtysix.rehab,available,56,5%,10,Mathematics,,,
xxxv.rehab,available,56,4%,4,Mathematics,,,
thirtyone.rehab,available,56,5%,10,Mathematics,,,
potbellied.rehab,available,56,0%,10,"Health and Fitness,Medicine",,,
fiftytwo.rehab,available,56,6%,9,Mathematics,,,
abeyant.rehab,available,56,1%,7,"Business,Law",,,
lvi.rehab,available,56,8%,3,Mathematics,,,
terzetto.rehab,available,56,3%,8,Arts,,,
xliv.rehab,available,56,2%,4,Mathematics,,,
xxxviii.rehab,available,56,1%,7,Mathematics,,,
xxxvi.rehab,available,56,1%,5,Mathematics,,,
halfdozen.rehab,available,56,1%,10,Mathematics,,,
xlviii.rehab,available,56,1%,6,Mathematics,,,
xxiii.rehab,available,56,5%,5,Mathematics,,,
lvii.rehab,available,56,1%,4,Mathematics,,,
fortyone.rehab,available,56,4%,9,Mathematics,,,
maledict.rehab,available,56,1%,8,Religion,,,
xlvi.rehab,available,56,3%,4,Mathematics,,,
addled.rehab,available,56,2%,6,Entertainment,,,
lviii.rehab,available,56,1%,5,Mathematics,,,
fiftysix.rehab,available,56,4%,9,Mathematics,,,
fortytwo.rehab,available,56,17%,9,Mathematics,,,
lii.rehab,available,56,7%,3,Mathematics,,,
fiftynine.rehab,available,56,4%,10,Mathematics,,,
xlv.rehab,available,56,6%,3,Mathematics,,,
xxxi.rehab,available,56,9%,4,Mathematics,,,
admissive.rehab,available,56,1%,9,"Education,Healthcare,Hospitality",,,
ilx.rehab,available,56,5%,3,Mathematics,,,
xxxiv.rehab,available,56,1%,5,Mathematics,,,
xxiv.rehab,available,56,5%,4,Mathematics,,,
xxviii.rehab,available,56,1%,6,Mathematics,,,
xlvii.rehab,available,56,2%,5,Mathematics,,,
fortysix.rehab,available,56,3%,9,Mathematics,,,
aone.rehab,available,56,15%,5,Food and Beverage,,,
liii.rehab,available,56,4%,4,Mathematics,,,
xxxvii.rehab,available,56,2%,6,Mathematics,,,
xxxii.rehab,available,56,1%,5,Mathematics,,,
xxix.rehab,available,56,4%,4,Mathematics,,,
thirtytwo.rehab,available,56,5%,10,Mathematics,,,
accoutered.rehab,available,56,0%,10,"Fashion,Manufacturing,Retail",,,
triad.rehab,available,56,15%,5,Arts,,,
xli.rehab,available,56,5%,3,Mathematics,,,
xlii.rehab,available,56,5%,4,Mathematics,,,
fiftyone.rehab,available,56,7%,9,Mathematics,,,
abatable.rehab,available,54,1%,8,Law,,,
adaxial.rehab,available,54,2%,7,Science,,,
threescore.rehab,available,54,1%,10,Mathematics,,,
quintuplet.rehab,available,54,1%,10,"Healthcare,Medicine,Science",,,
topnotch.rehab,available,54,18%,8,Business,,,
abhorrent.rehab,available,54,1%,9,Humanities,,,
vii.rehab,available,54,13%,3,Mathematics,,,
abient.rehab,available,54,1%,6,Science,,,
adducting.rehab,available,54,1%,9,"Engineering,Mathematics,Science",,,
sise.rehab,available,54,5%,4,Mathematics,,,
abatic.rehab,available,54,1%,6,Science,,,
quaternity.rehab,available,54,4%,10,Mathematics,,,
twoscore.rehab,available,54,2%,8,Mathematics,,,
adducent.rehab,available,54,1%,8,"Engineering,Mathematics,Science",,,
adpressed.rehab,available,54,0%,9,"Agriculture,Manufacturing,Retail",,,
scratchy.rehab,available,54,3%,8,Fashion,,,
quaternion.rehab,available,54,6%,10,Mathematics,,,
deuceace.rehab,available,54,2%,9,Sports,,,
accentual.rehab,available,54,3%,9,"Arts,Entertainment",,,
adductive.rehab,available,54,0%,9,"Engineering,Mathematics,Science",,,
unnatural.rehab,available,54,4%,9,"Medicine,Science",,,
viii.rehab,available,54,6%,4,Mathematics,,,
abasic.rehab,available,54,1%,6,Science,,,
achy.rehab,available,54,3%,4,Healthcare,,,
monitory.rehab,available,54,3%,8,"Business,Education,Healthcare",,,
achromatic.rehab,available,54,4%,10,Science,,,
actuated.rehab,available,54,2%,8,"Automotive,Manufacturing,Technology",,,
admonitory.rehab,available,54,0%,10,"Business,Education,Healthcare",,,
abaxial.rehab,available,54,1%,7,Science,,,
quadruplet.rehab,available,54,1%,10,"Healthcare,Medicine,Science",,,
aboral.rehab,available,54,2%,6,Science,,,
fortyfive.rehab,available,54,4%,10,Mathematics,,,
adjuratory.rehab,available,54,0%,10,"Law,Politics,Religion",,,
quatern.rehab,available,54,2%,7,Mathematics,,,
ternion.rehab,available,54,3%,7,Mathematics,,,
deserted.rehab,available,54,3%,8,"Hospitality,Real Estate",,,
accursed.rehab,available,54,3%,8,"Entertainment,Media,Religion",,,
abducens.rehab,available,54,1%,8,Medicine,,,
iii.rehab,available,54,24%,3,Mathematics,,,
acoustical.rehab,available,54,4%,10,Science,,,
sestet.rehab,available,53,1%,6,Arts,,,
xxx.rehab,available,53,30%,3,"Arts,Entertainment,Media",,,
septet.rehab,available,53,1%,6,General,,,
xci.rehab,available,52,4%,3,Mathematics,,,
abominable.rehab,available,52,2%,10,"Entertainment,Humanities",,,
lxvii.rehab,available,52,1%,5,Mathematics,,,
lxxv.rehab,available,52,1%,4,Mathematics,,,
detestable.rehab,available,52,1%,10,Humanities,,,
lxxiv.rehab,available,52,1%,5,Mathematics,,,
lxxxvi.rehab,available,52,1%,6,Mathematics,,,
ablated.rehab,available,52,1%,7,Science,,,
lxxxiii.rehab,available,52,1%,7,Mathematics,,,
repugnant.rehab,available,52,1%,9,Humanities,,,
lxxi.rehab,available,52,1%,4,Mathematics,,,
lxv.rehab,available,52,5%,3,Mathematics,,,
chagrined.rehab,available,52,1%,9,Humanities,,,
abysmal.rehab,available,52,4%,7,"Arts,Entertainment,Media",,,
lxxvi.rehab,available,52,1%,5,Mathematics,,,
lxxxv.rehab,available,52,1%,5,Mathematics,,,
sixtytwo.rehab,available,52,3%,9,Mathematics,,,
abstruse.rehab,available,52,5%,8,"Humanities,Mathematics,Science",,,
littlejoe.rehab,available,52,2%,10,"Entertainment,Media",,,
adenoidal.rehab,available,52,1%,9,"Health and Fitness,Medicine,Science",,,
lxxvii.rehab,available,52,2%,6,Mathematics,,,
sixtysix.rehab,available,52,4%,9,Mathematics,,,
lxii.rehab,available,52,1%,4,Mathematics,,,
decumbent.rehab,available,52,1%,9,"Healthcare,Medicine,Science",,,
lxxxiv.rehab,available,52,1%,6,Mathematics,,,
xcvii.rehab,available,52,1%,5,Mathematics,,,
sixtyfour.rehab,available,52,3%,10,Mathematics,,,
xcvi.rehab,available,52,2%,4,Mathematics,,,
odious.rehab,available,52,2%,6,"Entertainment,Humanities",,,
eightyone.rehab,available,52,3%,10,Mathematics,,,
sixtyfive.rehab,available,52,3%,10,Mathematics,,,
lxviii.rehab,available,52,1%,6,Mathematics,,,
lxxxi.rehab,available,52,1%,5,Mathematics,,,
lxiii.rehab,available,52,2%,5,Mathematics,,,
ixl.rehab,available,52,9%,3,Mathematics,,,
lxxxvii.rehab,available,52,1%,7,Mathematics,,,
ninetysix.rehab,available,52,4%,10,Mathematics,,,
aboulic.rehab,available,52,1%,7,Medicine,,,
xciii.rehab,available,52,1%,5,Mathematics,,,
lxxii.rehab,available,52,1%,5,Mathematics,,,
lxi.rehab,available,52,5%,3,Mathematics,,,
lxiv.rehab,available,52,3%,4,Mathematics,,,
ninetytwo.rehab,available,52,4%,10,Mathematics,,,
xcv.rehab,available,52,7%,3,Mathematics,,,
lxxxii.rehab,available,52,1%,6,Mathematics,,,
tierce.rehab,available,52,3%,6,General,,,
uphill.rehab,available,52,7%,6,"Sports,Transportation,Travel",,,
eightytwo.rehab,available,52,4%,10,Mathematics,,,
xciv.rehab,available,52,2%,4,Mathematics,,,
lxvi.rehab,available,52,3%,4,Mathematics,,,
xcviii.rehab,available,52,1%,6,Mathematics,,,
lxxiii.rehab,available,52,1%,6,Mathematics,,,
abusive.rehab,available,52,3%,7,"Healthcare,Law",,,
ninetyone.rehab,available,52,5%,10,Mathematics,,,
xcii.rehab,available,52,2%,4,Mathematics,,,
ixc.rehab,available,52,5%,3,Mathematics,,,
repulsive.rehab,available,52,1%,9,Humanities,,,
gillless.rehab,available,50,0%,9,Science,,,
triplet.rehab,available,50,8%,7,Science,,,
acerb.rehab,available,50,2%,5,Science,,,
abactinal.rehab,available,50,0%,9,Science,,,
acaudal.rehab,available,50,1%,7,"Agriculture,Science",,,
aborticide.rehab,available,50,0%,10,Medicine,,,
aculeated.rehab,available,50,0%,9,"Engineering,Medicine,Science",,,
adhominem.rehab,available,50,2%,10,"Humanities,Law,Politics",,,
abomasal.rehab,available,50,0%,8,Agriculture,,,
vinegary.rehab,available,50,1%,8,Food and Beverage,,,
acapnic.rehab,available,50,0%,7,"Healthcare,Medicine,Science",,,
needlelike.rehab,available,50,0%,10,"Engineering,Medicine,Science",,,
acerbic.rehab,available,50,2%,7,"Arts,Humanities,Media",,,
broached.rehab,available,50,0%,8,Food and Beverage,,,
acquitted.rehab,available,50,1%,9,Law,,,
abbatial.rehab,available,50,0%,8,Religion,,,
abranchial.rehab,available,50,0%,10,Science,,,
abducting.rehab,available,50,0%,9,Medicine,,,
acellular.rehab,available,50,1%,9,Science,,,
acerose.rehab,available,50,1%,7,Science,,,
lxx.rehab,available,50,5%,3,Mathematics,,,
abdicable.rehab,available,50,0%,9,Law,,,
spinous.rehab,available,50,1%,7,"Agriculture,Science",,,
quint.rehab,available,50,13%,5,"Arts,Entertainment",,,
acapnotic.rehab,available,50,0%,9,"Healthcare,Medicine,Science",,,
adactylous.rehab,available,50,0%,10,Science,,,
ogdoad.rehab,available,50,1%,6,Mathematics,,,
scummy.rehab,available,50,1%,6,Humanities,,,
acetose.rehab,available,50,1%,7,Science,,,
cinque.rehab,available,50,7%,6,Mathematics,,,
acetous.rehab,available,50,1%,7,Science,,,
trine.rehab,available,50,11%,5,"General,Religion",,,
ilxx.rehab,available,48,1%,4,Mathematics,,,
abyssal.rehab,available,48,12%,7,"Arts,Entertainment,Media",,,
ilxxx.rehab,available,48,1%,5,Mathematics,,,
execrable.rehab,available,48,0%,9,"Entertainment,Humanities",,,
notguilty.rehab,available,48,5%,10,Law,,,
lxxxviii.rehab,available,48,1%,8,Mathematics,,,
abstracted.rehab,available,48,5%,10,"Arts,Humanities,Science",,,
apriori.rehab,available,48,13%,8,Mathematics,,,
cotyloid.rehab,available,46,1%,8,Science,,,
theabsurd.rehab,available,46,1%,10,"Arts,Entertainment,Media",,,
acaudate.rehab,available,46,1%,8,"Agriculture,Science",,,
acapnial.rehab,available,46,0%,8,"Healthcare,Medicine,Science",,,
acanthoid.rehab,available,46,1%,9,"Agriculture,Science",,,
acheronian.rehab,available,46,1%,10,Humanities,,,
acetylenic.rehab,available,46,1%,10,Science,,,
achenial.rehab,available,46,1%,8,Science,,,
acetabular.rehab,available,46,1%,10,Science,,,
achromous.rehab,available,46,1%,9,Science,,,
acetonic.rehab,available,46,1%,8,Science,,,
stripling.rehab,available,46,2%,9,"Education,Entertainment,Healthcare",,,
acanthous.rehab,available,46,0%,9,"Agriculture,Science",,,
achromic.rehab,available,46,2%,8,Science,,,
quaternary.rehab,available,46,3%,10,Mathematics,,,
acicular.rehab,available,46,2%,8,Science,,,
acephalous.rehab,available,46,1%,10,Science,,,
stemless.rehab,available,46,2%,8,"Agriculture,Science",,,
vinegarish.rehab,available,46,1%,10,Food and Beverage,,,
acarpelous.rehab,available,46,0%,10,"Agriculture,Science",,,
acetylic.rehab,available,46,1%,8,Science,,,
acanthotic.rehab,available,46,0%,10,"Agriculture,Science",,,
acarpous.rehab,available,46,0%,8,"Agriculture,Science",,,
accusatory.rehab,available,44,1%,10,Law,,,
acherontic.rehab,available,44,1%,10,Humanities,,,
cotyloidal.rehab,available,44,1%,10,Science,,,
abscessed.rehab,available,41,0%,9,Healthcare,,,
phoebe.rehab,available,41,14%,6,Science,,,
accurst.rehab,available,40,1%,7,Religion,,,
accusive.rehab,available,40,1%,8,Law,,,
scurrilous.rehab,available,40,1%,10,"Entertainment,Media,Politics",,,